코스피,006090,사조오양,어업
코스피,030720,동원수산,어업
코스피,007160,사조산업,어업
코스피,006040,동원산업,어업
코스피,004970,신라교역,어업
코스피,003580,동원,광업
코스피,248170,샘표식품,음식료품
코스피,101530,해태제과식품,음식료품
코스피,014710,사조씨푸드,음식료품
코스피,145995,삼양사우,음식료품
코스피,145990,삼양사,음식료품
코스피,000087,하이트진로2우B,음식료품
코스피,136490,선진,음식료품
코스피,033920,무학,음식료품
코스피,001799,대한제당3우B,음식료품
코스피,000080,하이트진로,음식료품
코스피,011155,CJ씨푸드1우,음식료품
코스피,011150,CJ씨푸드,음식료품
코스피,097955,CJ제일제당 우,음식료품
코스피,097950,CJ제일제당,음식료품
코스피,001689,대상3우B,음식료품
코스피,079660,사조해표,음식료품
코스피,027740,마니커,음식료품
코스피,002600,조흥,음식료품
코스피,049770,동원F&B,음식료품
코스피,036580,팜스코,음식료품
코스피,023150,MH에탄올,음식료품
코스피,008040,사조동아원,음식료품
코스피,007540,샘표,음식료품
코스피,007310,오뚜기,음식료품
코스피,006980,우성사료,음식료품
코스피,005745,크라운제우,음식료품
코스피,005740,크라운제과,음식료품
코스피,005610,삼립식품,음식료품
코스피,005305,롯데칠성우,음식료품
코스피,005300,롯데칠성,음식료품
코스피,005180,빙그레,음식료품
코스피,004990,롯데제과,음식료품
코스피,004415,서울식품우,음식료품
코스피,004410,서울식품,음식료품
코스피,004370,농심,음식료품
코스피,003960,사조대림,음식료품
코스피,003925,남양유업우,음식료품
코스피,003920,남양유업,음식료품
코스피,003680,한성기업,음식료품
코스피,003230,삼양식품,음식료품
코스피,002270,롯데푸드,음식료품
코스피,002140,고려산업,음식료품
코스피,001800,오리온,음식료품
코스피,001795,대한제당우,음식료품
코스피,001790,대한제당,음식료품
코스피,001685,대상우,음식료품
코스피,001680,대상,음식료품
코스피,001130,대한제분,음식료품
코스피,000890,보해양조,음식료품
코스피,155660,DSR,섬유의복
코스피,093240,형지엘리트,섬유의복
코스피,105630,한세실업,섬유의복
코스피,102280,쌍방울,섬유의복
코스피,090370,아비스타,섬유의복
코스피,093050,LF,섬유의복
코스피,084870,TBH글로벌,섬유의복
코스피,007980,태평양물산,섬유의복
코스피,007700,F&F,섬유의복
코스피,020000,한섬,섬유의복
코스피,016090,대현,섬유의복
코스피,014990,인디에프,섬유의복
코스피,011300,성안,섬유의복
코스피,009275,신원우,섬유의복
코스피,009270,신원,섬유의복
코스피,008500,일정실업,섬유의복
코스피,005820,원림,섬유의복
코스피,005800,신영와코루,섬유의복
코스피,003610,방림,섬유의복
코스피,003200,일신방직,섬유의복
코스피,002070,남영비비안,섬유의복
코스피,001530,동일방직,섬유의복
코스피,001465,BYC우,섬유의복
코스피,001460,BYC,섬유의복
코스피,001070,대한방직,섬유의복
코스피,000950,전방,섬유의복
코스피,000050,경방,섬유의복
코스피,213500,한솔제지,종이목재
코스피,007197,한솔아트원제지2우B,종이목재
코스피,109070,KGP,종이목재
코스피,009770,삼정펄프,종이목재
코스피,025750,한솔홈데코,종이목재
코스피,027970,세하,종이목재
코스피,016590,신대양제지,종이목재
코스피,014160,대영포장,종이목재
코스피,012690,모나리자,종이목재
코스피,011280,태림포장,종이목재
코스피,009580,무림P&P,종이목재
코스피,009460,한창제지,종이목재
코스피,009200,무림페이퍼,종이목재
코스피,008250,이건산업,종이목재
코스피,007190,한솔아트원제지,종이목재
코스피,006740,영풍제지,종이목재
코스피,004545,깨끗한나라우,종이목재
코스피,004540,깨끗한나라,종이목재
코스피,002870,신풍제지,종이목재
코스피,002820,선창산업,종이목재
코스피,002310,아세아제지,종이목재
코스피,002300,한국제지,종이목재
코스피,002200,수출포장,종이목재
코스피,001020,페이퍼코리아,종이목재
코스피,214420,토니모리,화학
코스피,192820,코스맥스,화학
코스피,014825,동원시스템즈우,화학
코스피,014820,동원시스템즈,화학
코스피,163560,동일고무벨트,화학
코스피,161890,한국콜마,화학
코스피,161390,한국타이어,화학
코스피,161000,애경유화,화학
코스피,008000,도레이케미칼,화학
코스피,144620,코오롱머티리얼,화학
코스피,079980,휴비스,화학
코스피,078520,에이블씨엔씨,화학
코스피,138490,코오롱플라스틱,화학
코스피,134380,미원화학,화학
코스피,120115,코오롱인더우,화학
코스피,120110,코오롱인더,화학
코스피,115390,락앤락,화학
코스피,108675,LG하우시스우,화학
코스피,108670,LG하우시스,화학
코스피,107590,미원에스씨,화학
코스피,093370,후성,화학
코스피,089470,현대EP,화학
코스피,090355,노루페인트우,화학
코스피,090350,노루페인트,화학
코스피,090435,아모레퍼시픽우,화학
코스피,090430,아모레퍼시픽,화학
코스피,083420,KPX그린케미칼,화학
코스피,073240,금호타이어,화학
코스피,081000,일진다이아,화학
코스피,014830,유니드,화학
코스피,006890,태경화학,화학
코스피,011500,한농화성,화학
코스피,069260,휴켐스,화학
코스피,051915,LG화학우,화학
코스피,051910,LG화학,화학
코스피,051905,LG생활건강우,화학
코스피,051900,LG생활건강,화학
코스피,051630,진양화학,화학
코스피,035150,백산,화학
코스피,025860,남해화학,화학
코스피,025000,KPX케미칼,화학
코스피,024890,대원화성,화학
코스피,024070,WISCOM,화학
코스피,023450,동남합성,화학
코스피,015890,태경산업,화학
코스피,014680,한솔케미칼,화학
코스피,014530,극동유화,화학
코스피,014440,영보화학,화학
코스피,012610,경인양행,화학
코스피,011790,SKC,화학
코스피,011785,금호석유우,화학
코스피,011780,금호석유,화학
코스피,011720,현대페인트,화학
코스피,011170,롯데케미칼,화학
코스피,010955,S-Oil우,화학
코스피,010950,S-Oil,화학
코스피,010640,진양폴리,화학
코스피,010060,OCI,화학
코스피,009835,한화케미칼우,화학
코스피,009830,한화케미칼,화학
코스피,008730,율촌화학,화학
코스피,008490,서흥,화학
코스피,007690,국도화학,화학
코스피,007590,동방아그로,화학
코스피,007340,동아타이어,화학
코스피,006650,대한유화,화학
코스피,006380,카프로,화학
코스피,006125,SK케미칼우,화학
코스피,006120,SK케미칼,화학
코스피,006060,화승인더,화학
코스피,005950,이수화학,화학
코스피,005420,코스모화학,화학
코스피,005190,동성화학,화학
코스피,005070,코스모신소재,화학
코스피,004910,조광페인트,화학
코스피,004835,덕성우,화학
코스피,004830,덕성,화학
코스피,004800,효성,화학
코스피,004430,송원산업,화학
코스피,004255,NPC우,화학
코스피,004250,NPC,화학
코스피,004000,롯데정밀화학,화학
코스피,003830,대한화섬,화학
코스피,003780,진양산업,화학
코스피,003720,삼영화학,화학
코스피,003650,미창석유,화학
코스피,003350,한국화장품제조,화학
코스피,003240,태광산업,화학
코스피,003080,성보화학,화학
코스피,002960,한국쉘석유,화학
코스피,002840,미원상사,화학
코스피,002760,보락,화학
코스피,002380,KCC,화학
코스피,002360,SH에너지화학,화학
코스피,002355,넥센타이어1우B,화학
코스피,002350,넥센타이어,화학
코스피,002100,경농,화학
코스피,001570,금양,화학
코스피,001550,조비,화학
코스피,001390,KG케미칼,화학
코스피,001340,백광산업,화학
코스피,000885,한화우,화학
코스피,000880,한화,화학
코스피,000860,강남제비스코,화학
코스피,000390,삼화페인트,화학
코스피,249420,일동제약,의약품
코스피,214390,경보제약,의약품
코스피,185750,종근당,의약품
코스피,170900,동아에스티,의약품
코스피,005690,파미셀,의약품
코스피,128940,한미약품,의약품
코스피,102460,이연제약,의약품
코스피,017180,명문제약,의약품
코스피,033270,유나이티드제약,의약품
코스피,002630,오리엔트바이오,의약품
코스피,069620,대웅제약,의약품
코스피,068875,LG생명과학우,의약품
코스피,068870,LG생명과학,의약품
코스피,063160,종근당바이오,의약품
코스피,019175,신풍제약우,의약품
코스피,019170,신풍제약,의약품
코스피,016580,환인제약,의약품
코스피,009420,한올바이오파마,의약품
코스피,009290,광동제약,의약품
코스피,007575,일양약품우,의약품
코스피,007570,일양약품,의약품
코스피,006280,녹십자,의약품
코스피,005500,삼진제약,의약품
코스피,004720,우리들제약,의약품
코스피,004310,현대약품,의약품
코스피,003850,보령제약,의약품
코스피,003520,영진약품,의약품
코스피,003220,대원제약,의약품
코스피,003120,일성신약,의약품
코스피,003060,슈넬생명과학,의약품
코스피,003000,부광약품,의약품
코스피,002720,국제약품,의약품
코스피,002620,제일약품,의약품
코스피,002390,한독,의약품
코스피,002250,알보젠코리아,의약품
코스피,002210,동성제약,의약품
코스피,001360,삼성제약,의약품
코스피,001067,JW중외제약2우B,의약품
코스피,001065,JW중외제약우,의약품
코스피,001060,JW중외제약,의약품
코스피,000520,삼일제약,의약품
코스피,000230,일동홀딩스,의약품
코스피,000227,유유제약2우B,의약품
코스피,000225,유유제약1우,의약품
코스피,000220,유유제약,의약품
코스피,000105,유한양행우,의약품
코스피,000100,유한양행,의약품
코스피,000020,동화약품,의약품
코스피,004440,대림씨엔에스,비금속광물
코스피,152330,코리아오토글라스,비금속광물
코스피,183190,아세아시멘트,비금속광물
코스피,047400,쌍용머티리얼,비금속광물
코스피,001529,동양3우B,비금속광물
코스피,001560,제일연마,비금속광물
코스피,001527,동양2우B,비금속광물
코스피,001525,동양우,비금속광물
코스피,001520,동양,비금속광물
코스피,004870,티웨이홀딩스,비금속광물
코스피,004989,성신양회3우B,비금속광물
코스피,014580,백광소재,비금속광물
코스피,011390,부산산업,비금속광물
코스피,010780,아이에스동서,비금속광물
코스피,010040,한국내화,비금속광물
코스피,008870,금비,비금속광물
코스피,007210,벽산,비금속광물
코스피,006390,현대시멘트,비금속광물
코스피,005750,대림B&Co,비금속광물
코스피,005090,삼광글라스,비금속광물
코스피,004987,성신양회2우B,비금속광물
코스피,004985,성신양회우,비금속광물
코스피,004980,성신양회,비금속광물
코스피,004090,한국석유,비금속광물
코스피,003419,쌍용양회3우B,비금속광물
코스피,003415,쌍용양회우,비금속광물
코스피,003410,쌍용양회,비금속광물
코스피,003300,한일시멘트,비금속광물
코스피,002005,한국유리우,비금속광물
코스피,002000,한국유리,비금속광물
코스피,000910,유니온,비금속광물
코스피,000480,조선내화,비금속광물
코스피,002690,동일제강,철강금속
코스피,133820,화인베스틸,철강금속
코스피,019440,세아특수강,철강금속
코스피,012160,영흥철강,철강금속
코스피,032560,황금에스티,철강금속
코스피,026940,부국철강,철강금속
코스피,104700,한국철강,철강금속
코스피,103140,풍산,철강금속
코스피,001780,알루코,철강금속
코스피,084010,대한제강,철강금속
코스피,004890,동일산업,철강금속
코스피,071090,하이스틸,철강금속
코스피,069730,DSR제강,철강금속
코스피,069460,대호에이엘,철강금속
코스피,058430,포스코강판,철강금속
코스피,014285,금강공업우,철강금속
코스피,014280,금강공업,철강금속
코스피,025820,이구산업,철강금속
코스피,024090,디씨엠,철강금속
코스피,021050,서원,철강금속
코스피,018470,조일알미늄,철강금속
코스피,016385,동부제철우,철강금속
코스피,016380,동부제철,철강금속
코스피,012800,대창,철강금속
코스피,010130,고려아연,철강금속
코스피,009190,대양금속,철강금속
코스피,008970,동양철관,철강금속
코스피,008420,문배철강,철강금속
코스피,008355,남선알미우,철강금속
코스피,008350,남선알미늄,철강금속
코스피,008260,NI스틸,철강금속
코스피,007280,한국특수형강,철강금속
코스피,006110,삼아알미늄,철강금속
코스피,005490,POSCO,철강금속
코스피,005010,휴스틸,철강금속
코스피,004565,현대비앤지스틸우,철강금속
코스피,004560,현대비앤지스틸,철강금속
코스피,004020,현대제철,철강금속
코스피,003030,세아제강,철강금속
코스피,002710,TCC동양,철강금속
코스피,002240,고려제강,철강금속
코스피,002220,한일철강,철강금속
코스피,001770,신화실업,철강금속
코스피,001430,세아베스틸,철강금속
코스피,001230,동국제강,철강금속
코스피,001080,만호제강,철강금속
코스피,000970,한국주철관,철강금속
코스피,000670,영풍,철강금속
코스피,079550,LIG넥스원,기계
코스피,145210,세화아이엠씨,기계
코스피,210540,디와이파워,기계
코스피,112610,씨에스윈드,기계
코스피,082740,두산엔진,기계
코스피,120030,조선선재,기계
코스피,119650,KC코트렐,기계
코스피,071970,STX중공업,기계
코스피,104120,신성에프에이,기계
코스피,104110,신성이엔지,기계
코스피,012600,청호컴넷,기계
코스피,100840,S&TC,기계
코스피,085310,엔케이,기계
코스피,092440,기신정기,기계
코스피,091090,세원셀론텍,기계
코스피,049800,우진플라임,기계
코스피,017960,한국카본,기계
코스피,042700,한미반도체,기계
코스피,058730,동아에스텍,기계
코스피,077970,STX엔진,기계
코스피,010820,퍼스텍,기계
코스피,074610,이엔쓰리,기계
코스피,017370,우신시스템,기계
코스피,042670,두산인프라코어,기계
코스피,034020,두산중공업,기계
코스피,025890,한국주강,기계
코스피,018880,한온시스템,기계
코스피,017800,현대엘리베이,기계
코스피,017550,수산중공업,기계
코스피,015590,대경기계,기계
코스피,012205,계양전기우,기계
코스피,012200,계양전기,기계
코스피,011700,한신기계,기계
코스피,010660,화천기계,기계
코스피,009310,참엔지니어링,기계
코스피,009160,SIMPAC,기계
코스피,007460,나라케이아이씨,기계
코스피,006570,대림통상,기계
코스피,004450,삼화왕관,기계
코스피,004380,삼익THK,기계
코스피,002900,동양물산,기계
코스피,000850,화천기공,기계
코스피,000490,대동공업,기계
코스피,195870,해성디에스,전기전자
코스피,192400,쿠쿠전자,전기전자
코스피,00781K,코리아써키트2우B,전기전자
코스피,110570,넥솔론,전기전자
코스피,020150,일진머티리얼즈,전기전자
코스피,103130,웅진에너지,전기전자
코스피,000995,동부하이텍1우,전기전자
코스피,000990,동부하이텍,전기전자
코스피,011930,신성솔라에너지,전기전자
코스피,103590,일진전기,전기전자
코스피,011070,LG이노텍,전기전자
코스피,009450,경동나비엔,전기전자
코스피,044380,주연테크,전기전자
코스피,092220,KEC,전기전자
코스피,020760,일진디스플,전기전자
코스피,034220,LG디스플레이,전기전자
코스피,007660,이수페타시스,전기전자
코스피,066575,LG전자우,전기전자
코스피,066570,LG전자,전기전자
코스피,033180,필룩스,전기전자
코스피,033240,자화전자,전기전자
코스피,029530,신도리코,전기전자
코스피,026890,디피씨,전기전자
코스피,025540,한국단자,전기전자
코스피,019490,하이트론,전기전자
코스피,019180,티에이치엔,전기전자
코스피,017900,광전자,전기전자
코스피,017040,광명전기,전기전자
코스피,015260,에이엔피,전기전자
코스피,014915,성문전자우,전기전자
코스피,014910,성문전자,전기전자
코스피,011690,유양디앤유,전기전자
코스피,011230,삼화전자,전기전자
코스피,010120,LS산전,전기전자
코스피,009470,삼화전기,전기전자
코스피,009155,삼성전기우,전기전자
코스피,009150,삼성전기,전기전자
코스피,009140,경인전자,전기전자
코스피,008700,아남전자,전기전자
코스피,008110,대동전자,전기전자
코스피,008060,대덕전자,전기전자
코스피,007815,코리아써우,전기전자
코스피,007810,코리아써키트,전기전자
코스피,007630,아이카이스트랩,전기전자
코스피,007610,선도전기,전기전자
코스피,006405,삼성SDI우,전기전자
코스피,006400,삼성SDI,전기전자
코스피,006345,대원전선우,전기전자
코스피,006340,대원전선,전기전자
코스피,005935,삼성전자우,전기전자
코스피,005930,삼성전자,전기전자
코스피,005870,휴니드,전기전자
코스피,005680,삼영전자,전기전자
코스피,004770,써니전자,전기전자
코스피,004710,한솔테크닉스,전기전자
코스피,004490,세방전지,전기전자
코스피,004135,대덕GDS우,전기전자
코스피,004130,대덕GDS,전기전자
코스피,001820,삼화콘덴서,전기전자
코스피,001440,대한전선,전기전자
코스피,001210,금호전기,전기전자
코스피,000660,SK하이닉스,전기전자
코스피,000500,가온전선,전기전자
코스피,105840,우진,의료정밀
코스피,029460,케이씨텍,의료정밀
코스피,025560,미래산업,의료정밀
코스피,003160,디아이,의료정밀
코스피,016740,두올,운수장비
코스피,012450,한화테크윈,운수장비
코스피,075580,세진중공업,운수장비
코스피,214330,금호에이치티,운수장비
코스피,009320,대우부품,운수장비
코스피,001380,SG충방,운수장비
코스피,204320,만도,운수장비
코스피,200880,서연이화,운수장비
코스피,064350,현대로템,운수장비
코스피,013870,지엠비코리아,운수장비
코스피,023000,삼원강재,운수장비
코스피,047810,한국항공우주,운수장비
코스피,011210,현대위아,운수장비
코스피,123700,SJM,운수장비
코스피,092200,디아이씨,운수장비
코스피,001420,태원물산,운수장비
코스피,090080,평화산업,운수장비
코스피,075180,새론오토모티브,운수장비
코스피,013520,화승알앤에이,운수장비
코스피,002880,대유에이텍,운수장비
코스피,000300,대유신소재,운수장비
코스피,041650,상신브레이크,운수장비
코스피,023810,인팩,운수장비
코스피,033530,세종공업,운수장비
코스피,064960,S&T모티브,운수장비
코스피,042660,대우조선해양,운수장비
코스피,033250,체시스,운수장비
코스피,024900,덕양산업,운수장비
코스피,023800,인지컨트롤스,운수장비
코스피,021820,세원정공,운수장비
코스피,018500,동원금속,운수장비
코스피,015230,대창단조,운수장비
코스피,012330,현대모비스,운수장비
코스피,012280,영화금속,운수장비
코스피,010690,화신,운수장비
코스피,010620,현대미포조선,운수장비
코스피,010580,지코,운수장비
코스피,010145,삼성중공우,운수장비
코스피,010140,삼성중공업,운수장비
코스피,010100,한국프랜지,운수장비
코스피,009680,모토닉,운수장비
코스피,009540,현대중공업,운수장비
코스피,006660,삼성공조,운수장비
코스피,005850,에스엘,운수장비
코스피,005389,현대차3우B,운수장비
코스피,005387,현대차2우B,운수장비
코스피,005385,현대차우,운수장비
코스피,005380,현대차,운수장비
코스피,005030,부산주공,운수장비
코스피,004105,태양금속우,운수장비
코스피,004100,태양금속,운수장비
코스피,003620,쌍용차,운수장비
코스피,003570,S&T중공업,운수장비
코스피,002920,유성기업,운수장비
코스피,001620,동국실업,운수장비
코스피,000430,대원강업,운수장비
코스피,000270,기아차,운수장비
코스피,000040,KR모터스,운수장비
코스피,194370,제이에스코퍼레이션,기타제조
코스피,071950,코아스,기타제조
코스피,134790,팀스,기타제조
코스피,002170,삼양통상,기타제조
코스피,079430,현대리바트,기타제조
코스피,025620,제이준,기타제조
코스피,033780,KT&G,기타제조
코스피,016800,퍼시스,기타제조
코스피,011330,유니켐,기타제조
코스피,011090,에넥스,기타제조
코스피,004740,보루네오,기타제조
코스피,004700,조광피혁,기타제조
코스피,002450,삼익악기,기타제조
코스피,026960,동서,유통업
코스피,093230,이아이디,유통업
코스피,226320,잇츠스킨,유통업
코스피,227840,현대씨앤에프,유통업
코스피,02826K,삼성물산우B,유통업
코스피,028260,삼성물산,유통업
코스피,138250,엔에스쇼핑,유통업
코스피,027410,BGF리테일,유통업
코스피,069640,엠케이트렌드,유통업
코스피,012170,키위미디어그룹,유통업
코스피,011000,진원생명과학,유통업
코스피,007110,일신석재,유통업
코스피,010420,한솔PNS,유통업
코스피,007070,GS리테일,유통업
코스피,031430,신세계인터내셔날,유통업
코스피,071840,롯데하이마트,유통업
코스피,139480,이마트,유통업
코스피,088790,진도,유통업
코스피,002700,신일산업,유통업
코스피,081660,휠라코리아,유통업
코스피,057050,현대홈쇼핑,유통업
코스피,128820,대성산업,유통업
코스피,122900,아이마켓코리아,유통업
코스피,123690,한국화장품,유통업
코스피,118000,우리들휴브레인,유통업
코스피,111770,영원무역,유통업
코스피,005110,한창,유통업
코스피,101140,아티스,유통업
코스피,006490,인스코비,유통업
코스피,004920,씨아이테크,유통업
코스피,023530,롯데쇼핑,유통업
코스피,010600,와이비로드,유통업
코스피,077500,유니퀘스트,유통업
코스피,000760,이화산업,유통업
코스피,011810,STX,유통업
코스피,009240,한샘,유통업
코스피,005360,모나미,유통업
코스피,069960,현대백화점,유통업
코스피,067830,세이브존I&C,유통업
코스피,008775,호텔신라우,유통업
코스피,008770,호텔신라,유통업
코스피,004080,신흥,유통업
코스피,037710,광주신세계,유통업
코스피,009810,고려포리머,유통업
코스피,047050,포스코대우,유통업
코스피,027390,한화갤러리아타임월드,유통업
코스피,018670,SK가스,유통업
코스피,017940,E1,유통업
코스피,013000,세우글로벌,유통업
코스피,011760,현대상사,유통업
코스피,008600,윌비스,유통업
코스피,006370,대구백화점,유통업
코스피,005440,현대그린푸드,유통업
코스피,005390,신성통상,유통업
코스피,005320,국동,유통업
코스피,004270,남성,유통업
코스피,004170,신세계,유통업
코스피,004060,SG세계물산,유통업
코스피,003010,혜인,유통업
코스피,002810,삼영무역,유통업
코스피,001745,SK네트웍스우,유통업
코스피,001740,SK네트웍스,유통업
코스피,001250,GS글로벌,유통업
코스피,001120,LG상사,유통업
코스피,000680,LS네트웍스,유통업
코스피,117580,대성에너지,전기가스업
코스피,071320,지역난방공사,전기가스업
코스피,034590,인천도시가스,전기가스업
코스피,036460,한국가스공사,전기가스업
코스피,017390,서울가스,전기가스업
코스피,015760,한국전력,전기가스업
코스피,015360,예스코,전기가스업
코스피,015350,부산가스,전기가스업
코스피,012320,경동가스,전기가스업
코스피,004690,삼천리,전기가스업
코스피,039570,아이콘트롤스,건설업
코스피,097230,한진중공업,건설업
코스피,023960,에쓰씨엔지니어링,건설업
코스피,028100,동아지질,건설업
코스피,002460,화성산업,건설업
코스피,051600,한전KPS,건설업
코스피,013367,일성건설2우B,건설업
코스피,002787,진흥기업2우B,건설업
코스피,010960,삼호개발,건설업
코스피,002995,금호산업우,건설업
코스피,002990,금호산업,건설업
코스피,002785,진흥기업우B,건설업
코스피,034300,신세계건설,건설업
코스피,047040,대우건설,건설업
코스피,014790,한라,건설업
코스피,013700,까뮤이앤씨,건설업
코스피,013580,계룡건설,건설업
코스피,013360,일성건설,건설업
코스피,012630,현대산업,건설업
코스피,011160,두산건설,건설업
코스피,009415,태영건설우,건설업
코스피,009410,태영건설,건설업
코스피,006360,GS건설,건설업
코스피,005980,성지건설,건설업
코스피,005965,동부건설우,건설업
코스피,005960,동부건설,건설업
코스피,005450,신한,건설업
코스피,004960,한신공영,건설업
코스피,004200,고려개발,건설업
코스피,003075,코오롱글로벌우,건설업
코스피,003070,코오롱글로벌,건설업
코스피,002780,진흥기업,건설업
코스피,002410,범양건영,건설업
코스피,001880,삼호,건설업
코스피,001470,삼부토건,건설업
코스피,001260,남광토건,건설업
코스피,000725,현대건설우,건설업
코스피,000720,현대건설,건설업
코스피,000215,대림산업우,건설업
코스피,000210,대림산업,건설업
코스피,089590,제주항공,운수창고업
코스피,129260,인터지스,운수창고업
코스피,117930,한진해운,운수창고업
코스피,020560,아시아나항공,운수창고업
코스피,044450,KSS해운,운수창고업
코스피,028670,팬오션,운수창고업
코스피,086280,현대글로비스,운수창고업
코스피,084670,동양고속,운수창고업
코스피,014130,한익스프레스,운수창고업
코스피,011200,현대상선,운수창고업
코스피,009180,한솔로지스틱스,운수창고업
코스피,009070,KCTC,운수창고업
코스피,005880,대한해운,운수창고업
코스피,005430,한국공항,운수창고업
코스피,004365,세방우,운수창고업
코스피,004360,세방,운수창고업
코스피,004140,동방,운수창고업
코스피,003495,대한항공우,운수창고업
코스피,003490,대한항공,운수창고업
코스피,003280,흥아해운,운수창고업
코스피,002320,한진,운수창고업
코스피,001140,국보,운수창고업
코스피,000650,천일고속,운수창고업
코스피,000120,CJ대한통운,운수창고업
코스피,032640,LG유플러스,통신업
코스피,030200,KT,통신업
코스피,017670,SK텔레콤,통신업
코스피,123890,한국자산신탁,금융업
코스피,034830,한국토지신탁,금융업
코스피,085620,미래에셋생명,금융업
코스피,000030,우리은행,금융업
코스피,192530,광주은행,금융업
코스피,175330,JB금융지주,금융업
코스피,168490,한국패러랠,금융업
코스피,152550,한국ANKOR유전,금융업
코스피,139130,DGB금융지주,금융업
코스피,138040,메리츠금융지주,금융업
코스피,138930,BNK금융지주,금융업
코스피,032830,삼성생명,금융업
코스피,088350,한화생명,금융업
코스피,082640,동양생명,금융업
코스피,039490,키움증권,금융업
코스피,033660,아주캐피탈,금융업
코스피,105560,KB금융,금융업
코스피,094800,맵스리얼티1,금융업
코스피,088980,맥쿼리인프라,금융업
코스피,099350,하나니켈2호,금융업
코스피,099340,하나니켈1호,금융업
코스피,003547,대신증권2우B,금융업
코스피,029780,삼성카드,금융업
코스피,096300,베트남개발1,금융업
코스피,037620,미래에셋증권,금융업
코스피,086790,하나금융지주,금융업
코스피,024110,기업은행,금융업
코스피,071055,한국금융지주우,금융업
코스피,071050,한국금융지주,금융업
코스피,030610,교보증권,금융업
코스피,055550,신한지주,금융업
코스피,030210,KTB투자증권,금융업
코스피,021960,케이비캐피탈,금융업
코스피,016610,동부증권,금융업
코스피,016360,삼성증권,금융업
코스피,010050,우리종금,금융업
코스피,008560,메리츠종금증권,금융업
코스피,006805,미래에셋대우우,금융업
코스피,006800,미래에셋대우,금융업
코스피,006220,제주은행,금융업
코스피,005945,NH투자증권우,금융업
코스피,005940,NH투자증권,금융업
코스피,005830,동부화재,금융업
코스피,003690,코리안리,금융업
코스피,003545,대신증권우,금융업
코스피,003540,대신증권,금융업
코스피,003535,한화투자증권우,금융업
코스피,003530,한화투자증권,금융업
코스피,003475,유안타증권우,금융업
코스피,003470,유안타증권,금융업
코스피,003465,유화증권우,금융업
코스피,003460,유화증권,금융업
코스피,003450,현대증권,금융업
코스피,002550,KB손해보험,금융업
코스피,001755,한양증권우,금융업
코스피,001750,한양증권,금융업
코스피,001725,신영증권우,금융업
코스피,001720,신영증권,금융업
코스피,001515,SK증권우,금융업
코스피,001510,SK증권,금융업
코스피,001500,HMC투자증권,금융업
코스피,001450,현대해상,금융업
코스피,001290,골든브릿지증권,금융업
코스피,001275,부국증권우,금융업
코스피,001270,부국증권,금융업
코스피,001200,유진투자증권,금융업
코스피,000815,삼성화재우,금융업
코스피,000810,삼성화재,금융업
코스피,000547,흥국화재2우B,금융업
코스피,000545,흥국화재우,금융업
코스피,000540,흥국화재,금융업
코스피,000400,롯데손해보험,금융업
코스피,000370,한화손해보험,금융업
코스피,000060,메리츠화재,금융업
코스피,241590,화승엔터프라이즈,서비스업
코스피,229640,엘에스전선아시아,서비스업
코스피,204210,모두투어리츠,서비스업
코스피,070960,용평리조트,서비스업
코스피,030790,동양네트웍스,서비스업
코스피,03473K,SK우,서비스업
코스피,095570,AJ네트웍스,서비스업
코스피,214320,이노션,서비스업
코스피,210980,SK디앤디,서비스업
코스피,001630,종근당홀딩스,서비스업
코스피,004150,한솔홀딩스,서비스업
코스피,013570,디와이,서비스업
코스피,007860,서연,서비스업
코스피,000640,동아쏘시오홀딩스,서비스업
코스피,044820,코스맥스비티아이,서비스업
코스피,018260,삼성에스디에스,서비스업
코스피,060980,한라홀딩스,서비스업
코스피,020120,다우인큐브,서비스업
코스피,004840,DRB동일,서비스업
코스피,006880,신송홀딩스,서비스업
코스피,002030,아세아,서비스업
코스피,000240,한국타이어월드와이드,서비스업
코스피,18064K,한진칼우,서비스업
코스피,180640,한진칼,서비스업
코스피,181710,NHN엔터테인먼트,서비스업
코스피,172580,하이골드12호,서비스업
코스피,007120,미래아이앤지,서비스업
코스피,005725,넥센우,서비스업
코스피,005720,넥센,서비스업
코스피,024720,한국콜마홀딩스,서비스업
코스피,037560,CJ헬로비전,서비스업
코스피,006840,AK홀딩스,서비스업
코스피,159650,하이골드8호,서비스업
코스피,068400,AJ렌터카,서비스업
코스피,155900,바다로19호,서비스업
코스피,153360,하이골드3호,서비스업
코스피,145270,케이탑리츠,서비스업
코스피,000075,삼양홀딩스우,서비스업
코스피,000070,삼양홀딩스,서비스업
코스피,039130,하나투어,서비스업
코스피,140890,트러스제7호,서비스업
코스피,140910,광희리츠,서비스업
코스피,096775,SK이노베이션우,서비스업
코스피,096770,SK이노베이션,서비스업
코스피,053210,스카이라이프,서비스업
코스피,005620,대성합동지주,서비스업
코스피,008930,한미사이언스,서비스업
코스피,023350,한국종합기술,서비스업
코스피,139200,하이골드2호,서비스업
코스피,025530,SJM홀딩스,서비스업
코스피,900140,코라오홀딩스,서비스업
코스피,900050,중국원양자원,서비스업
코스피,126560,현대에이치씨엔,서비스업
코스피,058860,케이티스,서비스업
코스피,130660,한전산업,서비스업
코스피,012030,동부,서비스업
코스피,058850,KTcs,서비스업
코스피,002150,도화엔지니어링,서비스업
코스피,002025,코오롱우,서비스업
코스피,002020,코오롱,서비스업
코스피,031440,신세계푸드,서비스업
코스피,009440,KC그린홀딩스,서비스업
코스피,000590,CS홀딩스,서비스업
코스피,016450,한세예스24홀딩스,서비스업
코스피,016710,대성홀딩스,서비스업
코스피,000700,유수홀딩스,서비스업
코스피,052690,한전기술,서비스업
코스피,114090,GKL,서비스업
코스피,034730,SK,서비스업
코스피,009970,영원무역홀딩스,서비스업
코스피,053690,한미글로벌,서비스업
코스피,015540,핫텍,서비스업
코스피,000180,성창기업지주,서비스업
코스피,000157,두산2우B,서비스업
코스피,000155,두산우,서비스업
코스피,000150,두산,서비스업
코스피,035420,NAVER,서비스업
코스피,001940,KISCO홀딩스,서비스업
코스피,015860,일진홀딩스,서비스업
코스피,006260,LS,서비스업
코스피,005810,풍산홀딩스,서비스업
코스피,000145,하이트진로홀딩스우,서비스업
코스피,000140,하이트진로홀딩스,서비스업
코스피,017810,풀무원,서비스업
코스피,100220,비상교육,서비스업
코스피,102260,동성코퍼레이션,서비스업
코스피,096760,JW홀딩스,서비스업
코스피,031820,콤텍시스템,서비스업
코스피,012510,더존비즈온,서비스업
코스피,036530,S&T홀딩스,서비스업
코스피,101060,SBS미디어홀딩스,서비스업
코스피,068290,삼성출판사,서비스업
코스피,032350,롯데관광개발,서비스업
코스피,100250,진양홀딩스,서비스업
코스피,001045,CJ우,서비스업
코스피,001040,CJ,서비스업
코스피,094280,효성ITX,서비스업
코스피,000327,노루홀딩스2우B,서비스업
코스피,003480,한진중공업홀딩스,서비스업
코스피,095720,웅진씽크빅,서비스업
코스피,011420,갤럭시아에스엠,서비스업
코스피,002795,아모레G우,서비스업
코스피,002790,아모레G,서비스업
코스피,006200,한국전자홀딩스,서비스업
코스피,092230,KPX홀딩스,서비스업
코스피,091000,코리아04호,서비스업
코스피,090990,코리아03호,서비스업
코스피,090980,코리아02호,서비스업
코스피,090970,코리아01호,서비스업
코스피,000325,노루홀딩스우,서비스업
코스피,000320,노루홀딩스,서비스업
코스피,035510,신세계 I&C,서비스업
코스피,010770,평화홀딩스,서비스업
코스피,021240,코웨이,서비스업
코스피,003560,IHQ,서비스업
코스피,083390,동북아14호,서비스업
코스피,083380,동북아13호,서비스업
코스피,083370,동북아12호,서비스업
코스피,083360,동북아11호,서비스업
코스피,083350,동북아10호,서비스업
코스피,083600,아시아13호,서비스업
코스피,083590,아시아12호,서비스업
코스피,083580,아시아11호,서비스업
코스피,083570,아시아10호,서비스업
코스피,084695,대상홀딩스우,서비스업
코스피,084690,대상홀딩스,서비스업
코스피,083620,아시아15호,서비스업
코스피,084680,이월드,서비스업
코스피,083610,아시아14호,서비스업
코스피,079160,CJ CGV,서비스업
코스피,078935,GS우,서비스업
코스피,078930,GS,서비스업
코스피,078000,텔코웨어,서비스업
코스피,016880,웅진,서비스업
코스피,034310,NICE,서비스업
코스피,019685,대교우B,서비스업
코스피,019680,대교,서비스업
코스피,015020,이스타코,서비스업
코스피,035250,강원랜드,서비스업
코스피,037270,YG PLUS,서비스업
코스피,072710,농심홀딩스,서비스업
코스피,072130,유엔젤,서비스업
코스피,034120,SBS,서비스업
코스피,036570,엔씨소프트,서비스업
코스피,003090,대웅,서비스업
코스피,005257,녹십자홀딩스2우,서비스업
코스피,005255,녹십자홀딩스1우,서비스업
코스피,005250,녹십자홀딩스,서비스업
코스피,058650,세아홀딩스,서비스업
코스피,003555,LG우,서비스업
코스피,003550,LG,서비스업
코스피,035000,지투알,서비스업
코스피,030000,제일기획,서비스업
코스피,028050,삼성엔지니어링,서비스업
코스피,023590,다우기술,서비스업
코스피,012750,에스원,서비스업
코스피,002420,세기상사,서비스업
코스닥,204840,지엘팜텍,기타서비스
코스닥,900270,헝셩그룹,기타서비스
코스닥,230360,에코마케팅,기타서비스
코스닥,142760,바이오리더스,기타서비스
코스닥,900260,로스웰,기타서비스
코스닥,144510,녹십자랩셀,기타서비스
코스닥,180400,엠지메드,기타서비스
코스닥,094850,참좋은레져,기타서비스
코스닥,225330,씨엠에스에듀,기타서비스
코스닥,115180,큐리언트,기타서비스
코스닥,900250,크리스탈신소재,기타서비스
코스닥,217730,강스템바이오텍,기타서비스
코스닥,047920,씨트리,기타서비스
코스닥,133750,메가엠디,기타서비스
코스닥,185490,아이진,기타서비스
코스닥,215200,메가스터디교육,기타서비스
코스닥,141080,레고켐바이오,기타서비스
코스닥,066430,와이오엠,기타서비스
코스닥,001000,신라섬유,기타서비스
코스닥,187220,디티앤씨,기타서비스
코스닥,084650,랩지노믹스,기타서비스
코스닥,196170,알테오젠,기타서비스
코스닥,043910,자연과환경,기타서비스
코스닥,090850,이지웰페어,기타서비스
코스닥,168330,내츄럴엔도텍,기타서비스
코스닥,089600,나스미디어,기타서비스
코스닥,054800,아이디스홀딩스,기타서비스
코스닥,045100,한양이엔지,기타서비스
코스닥,057030,와이비엠넷,기타서비스
코스닥,037350,성도이엔지,기타서비스
코스닥,036420,제이콘텐트리,기타서비스
코스닥,035610,솔본,기타서비스
코스닥,028080,휴맥스홀딩스,기타서비스
코스닥,024660,하림홀딩스,기타서비스
코스닥,022100,포스코 ICT,기타서비스
코스닥,140410,메지온,기타서비스
코스닥,127120,디엔에이링크,기타서비스
코스닥,130580,나이스디앤비,기타서비스
코스닥,123570,이엠넷,기타서비스
코스닥,900180,완리,기타서비스
코스닥,032860,GMR 머티리얼즈,기타서비스
코스닥,900070,글로벌에스엠,기타서비스
코스닥,900120,씨케이에이치,기타서비스
코스닥,900040,차이나그레이트,기타서비스
코스닥,900130,웨이포트,기타서비스
코스닥,900110,이스트아시아홀딩스,기타서비스
코스닥,900080,에스앤씨엔진그룹,기타서비스
코스닥,900090,차이나하오란,기타서비스
코스닥,046120,오르비텍,기타서비스
코스닥,109820,진매트릭스,기타서비스
코스닥,095700,제넥신,기타서비스
코스닥,060240,룽투코리아,기타서비스
코스닥,067630,에이치엘비생명과학,기타서비스
코스닥,092130,이크레더블,기타서비스
코스닥,096240,청담러닝,기타서비스
코스닥,040420,정상제이엘에스,기타서비스
코스닥,035080,인터파크홀딩스,기타서비스
코스닥,045970,코아시아홀딩스,기타서비스
코스닥,080160,모두투어,기타서비스
코스닥,039310,세중,기타서비스
코스닥,038390,레드캡투어,기타서비스
코스닥,020710,시공테크,기타서비스
코스닥,086040,바이오톡스텍,기타서비스
코스닥,042420,네오위즈홀딩스,기타서비스
코스닥,083790,크리스탈,기타서비스
코스닥,084990,바이로메드,기타서비스
코스닥,067900,와이엔텍,기타서비스
코스닥,050540,엠피씨,기타서비스
코스닥,072870,메가스터디,기타서비스
코스닥,029960,코엔텍,기타서비스
코스닥,068930,디지털대성,기타서비스
코스닥,060150,인선이엔티,기타서비스
코스닥,034950,한국기업평가,기타서비스
코스닥,049720,고려신용정보,기타서비스
코스닥,054930,유신,기타서비스
코스닥,039830,오로라,기타서비스
코스닥,038290,마크로젠,기타서비스
코스닥,037440,희림,기타서비스
코스닥,036120,SCI평가정보,기타서비스
코스닥,034810,해성산업,기타서비스
코스닥,032040,C&S자산관리,기타서비스
코스닥,030190,NICE평가정보,기타서비스
코스닥,010470,오리콤,기타서비스
코스닥,099830,씨그널엔터테인먼트그룹,"오락,문화"
코스닥,048550,SM C&C,"오락,문화"
코스닥,036260,이매진아시아,"오락,문화"
코스닥,206560,덱스터,"오락,문화"
코스닥,204630,화이브라더스,"오락,문화"
코스닥,035480,마제스타,"오락,문화"
코스닥,032800,판타지오,"오락,문화"
코스닥,182360,큐브엔터,"오락,문화"
코스닥,160550,NEW,"오락,문화"
코스닥,173940,에프엔씨엔터,"오락,문화"
코스닥,060300,레드로버,"오락,문화"
코스닥,054780,키이스트,"오락,문화"
코스닥,046140,SBS콘텐츠허브,"오락,문화"
코스닥,041510,에스엠,"오락,문화"
코스닥,035900,JYP Ent.,"오락,문화"
코스닥,122870,와이지엔터테인먼트,"오락,문화"
코스닥,058420,제이웨이,"오락,문화"
코스닥,046390,삼화네트웍스,"오락,문화"
코스닥,047820,초록뱀,"오락,문화"
코스닥,086980,쇼박스,"오락,문화"
코스닥,068050,팬엔터테인먼트,"오락,문화"
코스닥,025980,에머슨퍼시픽,"오락,문화"
코스닥,048910,대원미디어,"오락,문화"
코스닥,034230,파라다이스,"오락,문화"
코스닥,073560,우리손에프앤지,농림업
코스닥,054050,농우바이오,농림업
코스닥,225530,보광산업,광업
코스닥,151860,KG ETS,"전기,가스,수도"
코스닥,053050,지에스이,"전기,가스,수도"
코스닥,094820,일진파워,건설
코스닥,078940,일경산업개발,건설
코스닥,044180,KD건설,건설
코스닥,068150,케이엔씨글로벌,건설
코스닥,038870,에코바이오,건설
코스닥,066620,국보디자인,건설
코스닥,054940,엑사이엔씨,건설
코스닥,091590,남화토건,건설
코스닥,046940,우원개발,건설
코스닥,042940,르네코,건설
코스닥,060370,KT서브마린,건설
코스닥,036190,금화피에스시,건설
코스닥,035890,서희건설,건설
코스닥,026150,특수건설,건설
코스닥,025950,동신건설,건설
코스닥,021320,KCC건설,건설
코스닥,017000,신원종합개발,건설
코스닥,016250,이테크건설,건설
코스닥,013120,동원개발,건설
코스닥,011560,세보엠이씨,건설
코스닥,011370,서한,건설
코스닥,002290,삼일기업공사,건설
코스닥,001840,이화공영,건설
코스닥,220630,해마로푸드서비스,유통
코스닥,141020,포티스,유통
코스닥,007720,대명코퍼레이션,유통
코스닥,142210,유니트론텍,유통
코스닥,214450,파마리서치프로덕트,유통
코스닥,074430,아미노로직스,유통
코스닥,043220,유아이엠엔터,유통
코스닥,037370,EG,유통
코스닥,083550,케이엠,유통
코스닥,043580,에임하이,유통
코스닥,039980,리노스,유통
코스닥,023430,아이이,유통
코스닥,108790,인터파크,유통
코스닥,065420,에스아이리소스,유통
코스닥,051780,큐로홀딩스,유통
코스닥,033430,코리드,유통
코스닥,159580,제로투세븐,유통
코스닥,032685,소프트센우,유통
코스닥,032680,소프트센,유통
코스닥,058370,금성테크,유통
코스닥,038620,위즈코프,유통
코스닥,038340,리젠,유통
코스닥,031860,에이모션,유통
코스닥,016920,카스,유통
코스닥,131220,대한과학,유통
코스닥,900100,뉴프라이드,유통
코스닥,065650,메디프론,유통
코스닥,060280,큐렉소,유통
코스닥,065150,MPK,유통
코스닥,067990,도이치모터스,유통
코스닥,099220,SDN,유통
코스닥,036620,버추얼텍,유통
코스닥,036180,영인프런티어,유통
코스닥,043090,팜스웰바이오,유통
코스닥,065170,넥스트BT,유통
코스닥,063170,서울옥션,유통
코스닥,069920,아이에스이커머스,유통
코스닥,039740,한국정보공학,유통
코스닥,024950,삼천리자전거,유통
코스닥,093520,매커스,유통
코스닥,038070,서린바이오,유통
코스닥,033320,제이씨현시스템,유통
코스닥,032940,원익,유통
코스닥,050120,라이브플렉스,유통
코스닥,031310,아이즈비전,유통
코스닥,060590,씨티씨바이오,유통
코스닥,051380,피씨디렉트,유통
코스닥,013990,아가방컴퍼니,유통
코스닥,054630,에이디칩스,유통
코스닥,051500,CJ프레시웨이,유통
코스닥,032190,다우데이타,유통
코스닥,031330,에스에이엠티,유통
코스닥,024060,흥구석유,유통
코스닥,019010,그랜드백화점,유통
코스닥,016670,포비스티앤씨,유통
코스닥,014190,원익큐브,유통
코스닥,012700,리드코프,유통
코스닥,006730,서부T&D,유통
코스닥,000440,중앙에너비스,유통
코스닥,018700,바른손,숙박·음식
코스닥,052300,W홀딩컴퍼니,운송
코스닥,032280,삼일,운송
코스닥,024800,유성티엔에스,운송
코스닥,003100,선광,운송
코스닥,250930,케이비제10호스팩,금융
코스닥,250060,하나금융8호스팩,금융
코스닥,242040,교보비엔케이스팩,금융
코스닥,038160,팍스넷,금융
코스닥,240540,한국4호스팩,금융
코스닥,239340,미래에셋제5호스팩,금융
코스닥,235010,하이에이아이1호스팩,금융
코스닥,230980,IBKS제4호스팩,금융
코스닥,232270,케이비제9호스팩,금융
코스닥,232140,대신밸런스제2호스팩,금융
코스닥,230490,동부제4호스팩,금융
코스닥,230240,하나금융7호스팩,금융
코스닥,227950,골든브릿지제4호스팩,금융
코스닥,226340,에이치엠씨3호스팩,금융
코스닥,226850,키움스팩4호,금융
코스닥,226360,현대드림4호스팩,금융
코스닥,225440,이베스트스팩3호,금융
코스닥,225430,IBKS제3호스팩,금융
코스닥,226440,동부스팩3호,금융
코스닥,225590,신영스팩2호,금융
코스닥,225570,엔에이치스팩9호,금융
코스닥,221200,유진스팩3호,금융
코스닥,222080,한국3호스팩,금융
코스닥,223040,교보5호스팩,금융
코스닥,221950,현대드림3호스팩,금융
코스닥,222390,케이비제8호스팩,금융
코스닥,220260,엘아이지이에스스팩,금융
코스닥,219550,SK2호스팩,금융
코스닥,219860,한화에이스스팩2호,금융
코스닥,219960,유안타제2호스팩,금융
코스닥,218710,키움스팩3호,금융
코스닥,219580,골든브릿지제3호스팩,금융
코스닥,218410,엔에이치스팩8호,금융
코스닥,217600,이베스트스팩2호,금융
코스닥,218150,하나머스트5호스팩,금융
코스닥,217270,대신밸런스제1호스팩,금융
코스닥,217500,하이제3호스팩,금융
코스닥,217810,엔에이치스팩7호,금융
코스닥,217620,한화ACPC스팩,금융
코스닥,215750,미래에셋제3호스팩,금융
코스닥,215580,대우스팩3호,금융
코스닥,215380,한화MGI스팩,금융
코스닥,215480,대우SBI스팩1호,금융
코스닥,215790,엔에이치스팩5호,금융
코스닥,023460,CNH,금융
코스닥,215090,유진에이씨피씨스팩2호,금융
코스닥,215100,하나머스트4호스팩,금융
코스닥,214680,한화에이스스팩1호,금융
코스닥,214150,케이티비스팩2호,금융
코스닥,207930,SK1호스팩,금융
코스닥,206660,골든브릿지제2호스팩,금융
코스닥,208870,하나머스트3호스팩,금융
코스닥,208140,정다운,금융
코스닥,207720,엔에이치SL스팩,금융
코스닥,205470,하이제2호스팩,금융
코스닥,204650,케이티비스팩1호,금융
코스닥,204620,유안타제1호스팩,금융
코스닥,204760,현대에이블스팩1호,금융
코스닥,204440,대우스팩2호,금융
코스닥,203650,신한제2호SPAC,금융
코스닥,198440,엔에이치스팩3호,금융
코스닥,078020,이베스트투자증권,금융
코스닥,041190,우리기술투자,금융
코스닥,027830,대성창투,금융
코스닥,023760,한국캐피탈,금융
코스닥,021880,메이슨캐피탈,금융
코스닥,021080,에이티넘인베스트,금융
코스닥,019660,글로본,금융
코스닥,019590,엠벤처투자,금융
코스닥,019570,제미니투자,금융
코스닥,019550,SBI인베스트먼트,금융
코스닥,016600,큐캐피탈,금융
코스닥,007330,푸른저축은행,금융
코스닥,130960,CJ E&M,통신방송서비스
코스닥,039290,인포뱅크,통신방송서비스
코스닥,122450,KMH,통신방송서비스
코스닥,033830,티비씨,통신방송서비스
코스닥,058400,KNN,통신방송서비스
코스닥,115310,인포바인,통신방송서비스
코스닥,036630,세종텔레콤,통신방송서비스
코스닥,063570,한국전자금융,통신방송서비스
코스닥,039340,한국경제TV,통신방송서비스
코스닥,066790,씨씨에스,통신방송서비스
코스닥,065530,전파기지국,통신방송서비스
코스닥,039420,케이엘넷,통신방송서비스
코스닥,052600,한네트,통신방송서비스
코스닥,040300,YTN,통신방송서비스
코스닥,036800,나이스정보통신,통신방송서비스
코스닥,035760,CJ오쇼핑,통신방송서비스
코스닥,028150,GS홈쇼핑,통신방송서비스
코스닥,025770,한국정보통신,통신방송서비스
코스닥,208860,엔지스테크널러지,IT S/W & SVC
코스닥,222810,닉스테크,IT S/W & SVC
코스닥,206400,엔터메이트,IT S/W & SVC
코스닥,223310,이에스브이,IT S/W & SVC
코스닥,213090,미래테크놀로지,IT S/W & SVC
코스닥,207760,미스터블루,IT S/W & SVC
코스닥,192080,더블유게임즈,IT S/W & SVC
코스닥,205500,액션스퀘어,IT S/W & SVC
코스닥,094360,칩스앤미디어,IT S/W & SVC
코스닥,127710,아시아경제,IT S/W & SVC
코스닥,067730,로지시스,IT S/W & SVC
코스닥,214180,민앤지,IT S/W & SVC
코스닥,205100,엑셈,IT S/W & SVC
코스닥,184230,SGA솔루션즈,IT S/W & SVC
코스닥,215000,골프존,IT S/W & SVC
코스닥,189690,포시에스,IT S/W & SVC
코스닥,124500,아이티센,IT S/W & SVC
코스닥,194510,파티게임즈,IT S/W & SVC
코스닥,192250,케이사인,IT S/W & SVC
코스닥,194480,데브시스터즈,IT S/W & SVC
코스닥,042510,라온시큐어,IT S/W & SVC
코스닥,053300,한국정보인증,IT S/W & SVC
코스닥,131370,알서포트,IT S/W & SVC
코스닥,085810,알티캐스트,IT S/W & SVC
코스닥,123420,선데이토즈,IT S/W & SVC
코스닥,150900,파수닷컴,IT S/W & SVC
코스닥,153460,네이블,IT S/W & SVC
코스닥,038540,텍셀네트컴,IT S/W & SVC
코스닥,026260,보타바이오,IT S/W & SVC
코스닥,143240,사람인에이치알,IT S/W & SVC
코스닥,131090,시큐브,IT S/W & SVC
코스닥,139670,넥스트리밍,IT S/W & SVC
코스닥,139050,경봉,IT S/W & SVC
코스닥,121440,골프존유원홀딩스,IT S/W & SVC
코스닥,136540,윈스,IT S/W & SVC
코스닥,089150,케이씨티,IT S/W & SVC
코스닥,093320,케이아이엔엑스,IT S/W & SVC
코스닥,119860,다나와,IT S/W & SVC
코스닥,041460,한국전자인증,IT S/W & SVC
코스닥,067920,이글루시큐리티,IT S/W & SVC
코스닥,111820,처음앤씨,IT S/W & SVC
코스닥,089850,유비벨록스,IT S/W & SVC
코스닥,070300,솔라시아,IT S/W & SVC
코스닥,079970,투비소프트,IT S/W & SVC
코스닥,071200,인피니트헬스케어,IT S/W & SVC
코스닥,100030,모바일리더,IT S/W & SVC
코스닥,035620,바른손이앤에이,IT S/W & SVC
코스닥,030350,드래곤플라이,IT S/W & SVC
코스닥,115500,케이씨에스,IT S/W & SVC
코스닥,115450,지트리비앤티,IT S/W & SVC
코스닥,112040,위메이드,IT S/W & SVC
코스닥,108860,셀바스AI,IT S/W & SVC
코스닥,104200,벅스,IT S/W & SVC
코스닥,049470,SGA,IT S/W & SVC
코스닥,063080,게임빌,IT S/W & SVC
코스닥,041140,넥슨지티,IT S/W & SVC
코스닥,101730,조이맥스,IT S/W & SVC
코스닥,058630,엠게임,IT S/W & SVC
코스닥,094840,슈프리마에이치큐,IT S/W & SVC
코스닥,047560,이스트소프트,IT S/W & SVC
코스닥,064480,브리지텍,IT S/W & SVC
코스닥,067000,조이시티,IT S/W & SVC
코스닥,053280,예스24,IT S/W & SVC
코스닥,081970,한솔넥스지,IT S/W & SVC
코스닥,072770,네오디안테크놀로지,IT S/W & SVC
코스닥,094480,갤럭시아컴즈,IT S/W & SVC
코스닥,078340,컴투스,IT S/W & SVC
코스닥,095660,네오위즈게임즈,IT S/W & SVC
코스닥,069410,엔텔스,IT S/W & SVC
코스닥,053110,소리바다,IT S/W & SVC
코스닥,094860,코닉글로리,IT S/W & SVC
코스닥,067280,멀티캠퍼스,IT S/W & SVC
코스닥,086960,MDS테크,IT S/W & SVC
코스닥,078860,아이오케이,IT S/W & SVC
코스닥,043610,KT뮤직,IT S/W & SVC
코스닥,046110,한일네트웍스,IT S/W & SVC
코스닥,041020,인프라웨어,IT S/W & SVC
코스닥,079940,가비아,IT S/W & SVC
코스닥,080010,이상네트웍스,IT S/W & SVC
코스닥,075130,플랜티넷,IT S/W & SVC
코스닥,052220,iMBC,IT S/W & SVC
코스닥,052460,아이크래프트,IT S/W & SVC
코스닥,046440,KG모빌리언스,IT S/W & SVC
코스닥,064260,다날,IT S/W & SVC
코스닥,070590,한솔인티큐브,IT S/W & SVC
코스닥,067160,아프리카TV,IT S/W & SVC
코스닥,066410,캔들미디어,IT S/W & SVC
코스닥,066270,SK컴즈,IT S/W & SVC
코스닥,065560,큐브스,IT S/W & SVC
코스닥,069080,웹젠,IT S/W & SVC
코스닥,050320,에스아이티글로벌,IT S/W & SVC
코스닥,023770,플레이위드,IT S/W & SVC
코스닥,065440,이루온,IT S/W & SVC
코스닥,035600,KG이니시스,IT S/W & SVC
코스닥,064800,필링크,IT S/W & SVC
코스닥,052770,와이디온라인,IT S/W & SVC
코스닥,045340,토탈소프트,IT S/W & SVC
코스닥,057680,옴니텔,IT S/W & SVC
코스닥,051160,지어소프트,IT S/W & SVC
코스닥,053980,오상자이엘,IT S/W & SVC
코스닥,047080,한빛소프트,IT S/W & SVC
코스닥,042500,링네트,IT S/W & SVC
코스닥,040350,큐로컴,IT S/W & SVC
코스닥,060250,NHN한국사이버결제,IT S/W & SVC
코스닥,054920,한컴시큐어,IT S/W & SVC
코스닥,053800,안랩,IT S/W & SVC
코스닥,053350,이니텍,IT S/W & SVC
코스닥,052790,액토즈소프트,IT S/W & SVC
코스닥,052400,코나아이,IT S/W & SVC
코스닥,052190,소프트맥스,IT S/W & SVC
코스닥,049480,오픈베이스,IT S/W & SVC
코스닥,045510,정원엔시스,IT S/W & SVC
코스닥,045390,대아티아이,IT S/W & SVC
코스닥,040160,누리텔레콤,IT S/W & SVC
코스닥,038680,에스넷,IT S/W & SVC
코스닥,036030,KTH,IT S/W & SVC
코스닥,035720,카카오,IT S/W & SVC
코스닥,033230,인성정보,IT S/W & SVC
코스닥,033130,디지틀조선,IT S/W & SVC
코스닥,032850,비트컴퓨터,IT S/W & SVC
코스닥,032620,유비케어,IT S/W & SVC
코스닥,030520,한글과컴퓨터,IT S/W & SVC
코스닥,026180,현대정보기술,IT S/W & SVC
코스닥,020180,대신정보통신,IT S/W & SVC
코스닥,010280,쌍용정보통신,IT S/W & SVC
코스닥,123010,옵토팩,IT H/W
코스닥,174880,장원테크,IT H/W
코스닥,148250,알엔투테크놀로지,IT H/W
코스닥,240810,원익IPS,IT H/W
코스닥,101390,아이엠,IT H/W
코스닥,211270,AP위성통신,IT H/W
코스닥,226350,아이엠텍,IT H/W
코스닥,224060,코디엠,IT H/W
코스닥,191410,육일씨엔에쓰,IT H/W
코스닥,122640,예스티,IT H/W
코스닥,208710,바이오로그디바이스,IT H/W
코스닥,197210,리드,IT H/W
코스닥,127160,매직마이크로,IT H/W
코스닥,190510,나무가,IT H/W
코스닥,092870,엑시콘,IT H/W
코스닥,214870,에치디프로,IT H/W
코스닥,219130,타이거일렉,IT H/W
코스닥,217190,제너셈,IT H/W
코스닥,175140,인포마크,IT H/W
코스닥,224110,에이텍티앤,IT H/W
코스닥,131760,파인텍,IT H/W
코스닥,222800,심텍,IT H/W
코스닥,178780,유테크,IT H/W
코스닥,094170,동운아나텍,IT H/W
코스닥,214310,세미콘라이트,IT H/W
코스닥,177350,베셀,IT H/W
코스닥,160980,싸이맥스,IT H/W
코스닥,087600,픽셀플러스,IT H/W
코스닥,060230,이그잭스,IT H/W
코스닥,046310,백금T&A,IT H/W
코스닥,213420,덕산네오룩스,IT H/W
코스닥,193250,와이제이엠게임즈,IT H/W
코스닥,200470,하이셈,IT H/W
코스닥,080580,오킨스전자,IT H/W
코스닥,200710,에이디테크놀로지,IT H/W
코스닥,200230,텔콘,IT H/W
코스닥,192440,슈피겐코리아,IT H/W
코스닥,182690,테라셈,IT H/W
코스닥,143540,영우디에스피,IT H/W
코스닥,192410,감마누,IT H/W
코스닥,187270,신화콘텍,IT H/W
코스닥,059120,아진엑스텍,IT H/W
코스닥,096040,이트론,IT H/W
코스닥,052420,오성엘에스티,IT H/W
코스닥,138080,오이솔루션,IT H/W
코스닥,154040,솔루에타,IT H/W
코스닥,049080,기가레인,IT H/W
코스닥,134580,디엠티,IT H/W
코스닥,171010,램테크놀러지,IT H/W
코스닥,161570,미동앤씨네마,IT H/W
코스닥,076610,해성옵틱스,IT H/W
코스닥,131970,테스나,IT H/W
코스닥,170920,엘티씨,IT H/W
코스닥,170790,파이오링크,IT H/W
코스닥,097800,윈팩,IT H/W
코스닥,155960,지디,IT H/W
코스닥,114810,아이원스,IT H/W
코스닥,153490,우리이앤엘,IT H/W
코스닥,159910,MBK,IT H/W
코스닥,046970,우리로,IT H/W
코스닥,155650,와이엠씨,IT H/W
코스닥,149950,아바텍,IT H/W
코스닥,121850,코이즈,IT H/W
코스닥,149940,모다정보통신,IT H/W
코스닥,151910,나노스,IT H/W
코스닥,060310,3S,IT H/W
코스닥,097520,엠씨넥스,IT H/W
코스닥,141000,비아트론,IT H/W
코스닥,096630,에스코넥,IT H/W
코스닥,086520,에코프로,IT H/W
코스닥,052020,에스티큐브,IT H/W
코스닥,072950,빛샘전자,IT H/W
코스닥,104830,원익머트리얼즈,IT H/W
코스닥,123260,사파이어테크놀로지,IT H/W
코스닥,121800,세븐스타웍스,IT H/W
코스닥,089530,에이티세미콘,IT H/W
코스닥,089030,테크윙,IT H/W
코스닥,115530,씨엔플러스,IT H/W
코스닥,123100,테라세미콘,IT H/W
코스닥,143160,아이디스,IT H/W
코스닥,040910,아이씨디,IT H/W
코스닥,109080,옵티시스,IT H/W
코스닥,131100,리켐,IT H/W
코스닥,138690,엘아이에스,IT H/W
코스닥,052290,트레이스,IT H/W
코스닥,131180,딜리,IT H/W
코스닥,061970,엘비세미콘,IT H/W
코스닥,033560,블루콤,IT H/W
코스닥,131290,티에스이,IT H/W
코스닥,064290,인텍플러스,IT H/W
코스닥,131400,액트,IT H/W
코스닥,096690,세우테크,IT H/W
코스닥,033170,시그네틱스,IT H/W
코스닥,123860,아나패스,IT H/W
코스닥,119830,아이텍반도체,IT H/W
코스닥,068940,아이씨케이,IT H/W
코스닥,117670,알파홀딩스,IT H/W
코스닥,068240,다원시스,IT H/W
코스닥,122990,와이솔,IT H/W
코스닥,114120,크루셜텍,IT H/W
코스닥,121890,에스디시스템,IT H/W
코스닥,108320,실리콘웍스,IT H/W
코스닥,115610,이미지스,IT H/W
코스닥,106080,하이소닉,IT H/W
코스닥,114570,지스마트글로벌,IT H/W
코스닥,101330,모베이스,IT H/W
코스닥,115440,우리넷,IT H/W
코스닥,099520,ITX엠투엠,IT H/W
코스닥,096640,멜파스,IT H/W
코스닥,115160,휴맥스,IT H/W
코스닥,109960,로코조이,IT H/W
코스닥,082920,비츠로셀,IT H/W
코스닥,052860,아이앤씨,IT H/W
코스닥,105330,케이엔더블유,IT H/W
코스닥,102120,어보브반도체,IT H/W
코스닥,043200,파루,IT H/W
코스닥,033100,제룡전기,IT H/W
코스닥,101490,에스앤에스텍,IT H/W
코스닥,101400,네오피델리티,IT H/W
코스닥,106240,파인테크닉스,IT H/W
코스닥,078070,유비쿼스,IT H/W
코스닥,059100,아이컴포넌트,IT H/W
코스닥,098120,마이크로컨텍솔,IT H/W
코스닥,083470,KJ프리텍,IT H/W
코스닥,101160,월덱스,IT H/W
코스닥,099320,쎄트렉아이,IT H/W
코스닥,095610,테스,IT H/W
코스닥,096870,엘디티,IT H/W
코스닥,087730,네패스신소재,IT H/W
코스닥,091440,텔레필드,IT H/W
코스닥,097780,에스맥,IT H/W
코스닥,093920,서원인텍,IT H/W
코스닥,067010,이씨에스,IT H/W
코스닥,096610,알에프세미,IT H/W
코스닥,094190,이엘케이,IT H/W
코스닥,092300,현우산업,IT H/W
코스닥,093640,다믈멀티미디어,IT H/W
코스닥,095910,에스에너지,IT H/W
코스닥,094970,제이엠티,IT H/W
코스닥,081580,성우전자,IT H/W
코스닥,073110,엘엠에스,IT H/W
코스닥,080520,오디텍,IT H/W
코스닥,095500,미래나노텍,IT H/W
코스닥,095340,ISC,IT H/W
코스닥,027580,상보,IT H/W
코스닥,090740,연이정보통신,IT H/W
코스닥,094940,푸른기술,IT H/W
코스닥,095270,웨이브일렉트로,IT H/W
코스닥,093190,빅솔론,IT H/W
코스닥,091340,S&K폴리텍,IT H/W
코스닥,092600,넥스트칩,IT H/W
코스닥,091580,상신이디피,IT H/W
코스닥,073540,에프알텍,IT H/W
코스닥,091120,이엠텍,IT H/W
코스닥,025320,시노펙스,IT H/W
코스닥,090460,비에이치,IT H/W
코스닥,089010,켐트로닉스,IT H/W
코스닥,090470,제이스텍,IT H/W
코스닥,086830,신양오라컴,IT H/W
코스닥,091700,파트론,IT H/W
코스닥,086390,유니테스트,IT H/W
코스닥,060540,에스에이티,IT H/W
코스닥,066310,큐에스아이,IT H/W
코스닥,089890,고려반도체,IT H/W
코스닥,089790,제이티,IT H/W
코스닥,088390,이녹스,IT H/W
코스닥,038060,루멘스,IT H/W
코스닥,062860,티엘아이,IT H/W
코스닥,084730,팅크웨어,IT H/W
코스닥,058450,일야,IT H/W
코스닥,088800,에이스테크,IT H/W
코스닥,083450,GST,IT H/W
코스닥,085670,뉴프렉스,IT H/W
코스닥,084370,유진테크,IT H/W
코스닥,083640,인콘,IT H/W
코스닥,080420,모다이노칩,IT H/W
코스닥,079190,EMW,IT H/W
코스닥,082800,루미마이크로,IT H/W
코스닥,077360,덕산하이메탈,IT H/W
코스닥,067310,하나마이크론,IT H/W
코스닥,083310,엘오티베큠,IT H/W
코스닥,082660,삼우엠스,IT H/W
코스닥,051980,넥스트바이오홀딩스,IT H/W
코스닥,058220,아리온,IT H/W
코스닥,078890,가온미디어,IT H/W
코스닥,050890,쏠리드,IT H/W
코스닥,082210,옵트론텍,IT H/W
코스닥,049630,재영솔루텍,IT H/W
코스닥,036490,SK머티리얼즈,IT H/W
코스닥,028040,스페로 글로벌,IT H/W
코스닥,073490,이노와이어리스,IT H/W
코스닥,080220,제주반도체,IT H/W
코스닥,079960,동양이엔피,IT H/W
코스닥,052900,KMH하이텍,IT H/W
코스닥,078600,대주전자재료,IT H/W
코스닥,054450,텔레칩스,IT H/W
코스닥,051360,토비스,IT H/W
코스닥,072520,태양씨앤엘,IT H/W
코스닥,048870,코아로직,IT H/W
코스닥,050090,휘닉스소재,IT H/W
코스닥,065770,CS,IT H/W
코스닥,077280,한컴지엠디,IT H/W
코스닥,078350,한양디지텍,IT H/W
코스닥,066900,디에이피,IT H/W
코스닥,054620,AP시스템,IT H/W
코스닥,054340,엔알케이,IT H/W
코스닥,069540,빛과전자,IT H/W
코스닥,054090,삼진엘앤디,IT H/W
코스닥,067770,세진티에스,IT H/W
코스닥,073570,에이티테크놀러지,IT H/W
코스닥,065680,우주일렉트로,IT H/W
코스닥,057880,토필드,IT H/W
코스닥,060570,아이리버,IT H/W
코스닥,069330,유아이디,IT H/W
코스닥,064760,티씨케이,IT H/W
코스닥,052710,아모텍,IT H/W
코스닥,047310,파워로직스,IT H/W
코스닥,056000,신스타임즈,IT H/W
코스닥,041520,이라이콤,IT H/W
코스닥,064240,홈캐스트,IT H/W
코스닥,039230,폭스브레인,IT H/W
코스닥,038460,바이오스마트,IT H/W
코스닥,051370,인터플렉스,IT H/W
코스닥,065570,삼영이엔씨,IT H/W
코스닥,066980,하이쎌,IT H/W
코스닥,066970,엘앤에프,IT H/W
코스닥,066670,디스플레이텍,IT H/W
코스닥,064090,한양하이타오,IT H/W
코스닥,060910,프리젠,IT H/W
코스닥,064520,바른전자,IT H/W
코스닥,041590,젬백스테크놀러지,IT H/W
코스닥,042600,새로닉스,IT H/W
코스닥,048410,현대아이비티,IT H/W
코스닥,058610,에스피지,IT H/W
코스닥,066110,한프,IT H/W
코스닥,060720,KH바텍,IT H/W
코스닥,061040,알에프텍,IT H/W
코스닥,054210,이랜텍,IT H/W
코스닥,043360,디지아이,IT H/W
코스닥,039440,에스티아이,IT H/W
코스닥,049070,인탑스,IT H/W
코스닥,046890,서울반도체,IT H/W
코스닥,059090,미코,IT H/W
코스닥,054040,한국컴퓨터,IT H/W
코스닥,058470,리노공업,IT H/W
코스닥,057500,SKC 솔믹스,IT H/W
코스닥,056360,코위버,IT H/W
코스닥,053610,프로텍,IT H/W
코스닥,052330,코텍,IT H/W
코스닥,052270,우전,IT H/W
코스닥,051390,YW,IT H/W
코스닥,050110,캠시스,IT H/W
코스닥,049520,유아이엘,IT H/W
코스닥,049120,파인디앤씨,IT H/W
코스닥,047440,레이젠,IT H/W
코스닥,045660,에이텍,IT H/W
코스닥,045300,성우테크론,IT H/W
코스닥,043590,크로바하이텍,IT H/W
코스닥,043260,성호전자,IT H/W
코스닥,039560,다산네트웍스,IT H/W
코스닥,039030,이오테크닉스,IT H/W
코스닥,039010,현대통신,IT H/W
코스닥,038950,파인디지털,IT H/W
코스닥,038880,아이에이,IT H/W
코스닥,038530,코아크로스,IT H/W
코스닥,037950,엘컴텍,IT H/W
코스닥,037460,삼지전자,IT H/W
코스닥,037330,인지디스플레,IT H/W
코스닥,036930,주성엔지니어링,IT H/W
코스닥,036810,에프에스티,IT H/W
코스닥,036710,심텍홀딩스,IT H/W
코스닥,036690,코맥스,IT H/W
코스닥,036540,SFA반도체,IT H/W
코스닥,036500,에스에스컴텍,IT H/W
코스닥,036200,유니셈,IT H/W
코스닥,036170,씨티엘,IT H/W
코스닥,035460,기산텔레콤,IT H/W
코스닥,033790,서화정보통신,IT H/W
코스닥,033640,네패스,IT H/W
코스닥,033290,코웰패션,IT H/W
코스닥,033200,모아텍,IT H/W
코스닥,033160,엠케이전자,IT H/W
코스닥,032960,동일기연,IT H/W
코스닥,032790,엠젠플러스,IT H/W
코스닥,032580,피델릭스,IT H/W
코스닥,032500,케이엠더블유,IT H/W
코스닥,031980,피에스케이,IT H/W
코스닥,030530,원익홀딩스,IT H/W
코스닥,029480,바른테크놀로지,IT H/W
코스닥,024850,피에스엠씨,IT H/W
코스닥,024810,이화전기,IT H/W
코스닥,023890,아트라스BX,IT H/W
코스닥,015710,코콤,IT H/W
코스닥,012340,뉴인텍,IT H/W
코스닥,005290,동진쎄미켐,IT H/W
코스닥,222980,한국맥널티,음식료·담배
코스닥,222040,뉴트리바이오텍,음식료·담배
코스닥,189980,흥국에프엔비,음식료·담배
코스닥,004650,창해에탄올,음식료·담배
코스닥,092040,아미코젠,음식료·담배
코스닥,136480,하림,음식료·담배
코스닥,007390,네이처셀,음식료·담배
코스닥,088910,동우,음식료·담배
코스닥,086060,진바이오텍,음식료·담배
코스닥,043650,국순당,음식료·담배
코스닥,035810,이지바이오,음식료·담배
코스닥,027710,팜스토리,음식료·담배
코스닥,025880,케이씨피드,음식료·담배
코스닥,025870,신라에스지,음식료·담배
코스닥,023900,풍국주정,음식료·담배
코스닥,018120,진로발효,음식료·담배
코스닥,009780,엠에스씨,음식료·담배
코스닥,005990,매일유업,음식료·담배
코스닥,005860,한일사료,음식료·담배
코스닥,005670,푸드웰,음식료·담배
코스닥,003310,대주산업,음식료·담배
코스닥,002680,한탑,음식료·담배
코스닥,130500,금호엔티,섬유·의류
코스닥,047770,코데즈컴바인,섬유·의류
코스닥,098660,에스티오,섬유·의류
코스닥,011080,형지I&C,섬유·의류
코스닥,065950,웰크론,섬유·의류
코스닥,065060,지엔코,섬유·의류
코스닥,033340,좋은사람들,섬유·의류
코스닥,032080,아즈텍WB,섬유·의류
코스닥,030270,에스마크,섬유·의류
코스닥,017680,데코앤이,섬유·의류
코스닥,008290,원풍물산,섬유·의류
코스닥,025900,동화기업,종이·목재
코스닥,078130,국일제지,종이·목재
코스닥,045520,크린앤사이언스,종이·목재
코스닥,037230,한국팩키지,종이·목재
코스닥,023600,삼보판지,종이·목재
코스닥,017650,대림제지,종이·목재
코스닥,014970,삼륭물산,종이·목재
코스닥,006580,대양제지,종이·목재
코스닥,001810,무림SP,종이·목재
코스닥,214270,퓨쳐스트림네트웍스,출판·매체복제
코스닥,208350,지란지교시큐리티,출판·매체복제
코스닥,208640,썸에이지,출판·매체복제
코스닥,950110,SBI액시즈,출판·매체복제
코스닥,035290,에이원앤,출판·매체복제
코스닥,134060,이퓨쳐,출판·매체복제
코스닥,036000,예림당,출판·매체복제
코스닥,039670,스포츠서울,출판·매체복제
코스닥,053290,능률교육,출판·매체복제
코스닥,063440,에프엔씨애드컬쳐,출판·매체복제
코스닥,033050,제이엠아이,출판·매체복제
코스닥,030960,양지사,출판·매체복제
코스닥,016170,로엔,출판·매체복제
코스닥,060900,퍼시픽바이오,화학
코스닥,039790,위노바,화학
코스닥,221610,한솔씨앤피,화학
코스닥,221980,케이디켐,화학
코스닥,115960,연우,화학
코스닥,196700,웹스,화학
코스닥,069110,코스온,화학
코스닥,065160,에프티이앤이,화학
코스닥,016100,리더스코스메틱,화학
코스닥,187790,나노,화학
코스닥,178920,SKC코오롱PI,화학
코스닥,171120,라이온켐텍,화학
코스닥,138360,에이씨티,화학
코스닥,032980,바이온,화학
코스닥,112240,에스에프씨,화학
코스닥,101240,씨큐브,화학
코스닥,137950,제이씨케미칼,화학
코스닥,123330,제닉,화학
코스닥,089980,상아프론테크,화학
코스닥,104480,티케이케미칼,화학
코스닥,121600,나노신소재,화학
코스닥,120240,대정화금,화학
코스닥,126600,코프라,화학
코스닥,115570,스타플렉스,화학
코스닥,114630,우노앤컴퍼니,화학
코스닥,102710,이엔에프테크놀로지,화학
코스닥,050760,에스폴리텍,화학
코스닥,097870,효성오앤비,화학
코스닥,092070,디엔에프,화학
코스닥,092730,네오팜,화학
코스닥,091970,나노캠텍,화학
코스닥,083660,CSA 코스믹,화학
코스닥,022220,정산애강,화학
코스닥,079000,와토스코리아,화학
코스닥,036830,솔브레인,화학
코스닥,021650,한국큐빅,화학
코스닥,065940,케이에스씨비,화학
코스닥,042040,케이피엠테크,화학
코스닥,065690,대진디엠피,화학
코스닥,061460,한진피앤씨,화학
코스닥,049550,잉크테크,화학
코스닥,060260,뉴보텍,화학
코스닥,035200,프럼파스트,화학
코스닥,056700,신화인터텍,화학
코스닥,052260,SK바이오랜드,화학
코스닥,048830,엔피케이,화학
코스닥,045060,오공,화학
코스닥,044480,유니더스,화학
코스닥,041930,동아화성,화학
코스닥,036670,KCI,화학
코스닥,036640,HRS,화학
코스닥,033500,동성화인텍,화학
코스닥,027050,코리아나,화학
코스닥,017890,한국알콜,화학
코스닥,014100,보령메디앙스,화학
코스닥,008370,원풍,화학
코스닥,007770,한일화학,화학
코스닥,237690,에스티팜,제약
코스닥,243070,휴온스,제약
코스닥,222110,팬젠,제약
코스닥,065660,안트로젠,제약
코스닥,145020,휴젤,제약
코스닥,214370,케어젠,제약
코스닥,182400,에이티젠,제약
코스닥,203690,프로스테믹스,제약
코스닥,206640,바디텍메드,제약
코스닥,087010,펩트론,제약
코스닥,166480,코아스템,제약
코스닥,187420,제노포커스,제약
코스닥,031390,녹십자셀,제약
코스닥,200130,콜마비앤에이치,제약
코스닥,200670,휴메딕스,제약
코스닥,142280,녹십자엠에스,제약
코스닥,200780,비씨월드제약,제약
코스닥,191420,테고사이언스,제약
코스닥,131030,디에이치피코리아,제약
코스닥,950130,엑세스바이오,제약
코스닥,066700,테라젠이텍스,제약
코스닥,085660,차바이오텍,제약
코스닥,138610,나이벡,제약
코스닥,048530,인트론바이오,제약
코스닥,096530,씨젠,제약
코스닥,106190,하이텍팜,제약
코스닥,068760,셀트리온제약,제약
코스닥,049180,셀루메드,제약
코스닥,053950,경남제약,제약
코스닥,114450,KPX생명과학,제약
코스닥,042520,한스바이오메드,제약
코스닥,067290,JW신약,제약
코스닥,102940,코오롱생명과학,제약
코스닥,086890,이수앱지스,제약
코스닥,086900,메디톡스,제약
코스닥,068270,셀트리온,제약
코스닥,100700,세운메디칼,제약
코스닥,018620,우진비앤지,제약
코스닥,058820,CMG제약,제약
코스닥,059210,메타바이오메드,제약
코스닥,036480,대성미생물,제약
코스닥,086450,동국제약,제약
코스닥,039200,오스코텍,제약
코스닥,084110,휴온스글로벌,제약
코스닥,064550,바이오니아,제약
코스닥,078140,대봉엘에스,제약
코스닥,078160,메디포스트,제약
코스닥,041910,에스텍파마,제약
코스닥,072020,중앙백신,제약
코스닥,067080,대화제약,제약
코스닥,049960,쎌바이오텍,제약
코스닥,061250,화일약품,제약
코스닥,054670,대한뉴팜,제약
코스닥,052670,제일바이오,제약
코스닥,053030,바이넥스,제약
코스닥,044960,이-글 벳,제약
코스닥,041960,코미팜,제약
코스닥,034940,조아제약,제약
코스닥,023910,대한약품,제약
코스닥,018680,서울제약,제약
코스닥,014570,고려제약,제약
코스닥,012790,신일제약,제약
코스닥,011040,경동제약,제약
코스닥,009300,삼아제약,제약
코스닥,007370,진양제약,제약
코스닥,001540,안국약품,제약
코스닥,000250,삼천당제약,제약
코스닥,222420,쎄노텍,비금속
코스닥,228340,동양파일,비금속
코스닥,060560,홈센타홀딩스,비금속
코스닥,038500,동양시멘트,비금속
코스닥,079650,서산,비금속
코스닥,075970,동국알앤에스,비금속
코스닥,074600,원익QnC,비금속
코스닥,023410,유진기업,비금속
코스닥,008800,행남생활건강,비금속
코스닥,006920,모헨즈,비금속
코스닥,006050,국영지앤엠,비금속
코스닥,003670,포스코켐텍,비금속
코스닥,049830,승일,금속
코스닥,109610,에스와이패널,금속
코스닥,060480,국일신동,금속
코스닥,140520,대창스틸,금속
코스닥,090410,덕신하우징,금속
코스닥,192390,윈하이텍,금속
코스닥,096350,대창솔루션,금속
코스닥,018310,삼목에스폼,금속
코스닥,006910,보성파워텍,금속
코스닥,147830,제룡산업,금속
코스닥,138070,신진에스엠,금속
코스닥,008470,부스타,금속
코스닥,128660,피제이메탈,금속
코스닥,122800,썬텍,금속
코스닥,069140,누리플랜,금속
코스닥,119500,포메탈,금속
코스닥,114190,웰크론강원,금속
코스닥,087220,스틸플라워,금속
코스닥,100130,동국S&C,금속
코스닥,109860,동일금속,금속
코스닥,024840,갑을메탈,금속
코스닥,099660,한솔신텍,금속
코스닥,081150,티플랙스,금속
코스닥,090730,SIMPAC METALLOY,금속
코스닥,100090,삼강엠앤티,금속
코스닥,101670,코리아에스이,금속
코스닥,033310,디케이디앤아이,금속
코스닥,093380,풍강,금속
코스닥,089230,THE E&M,금속
코스닥,079170,한창산업,금속
코스닥,073640,삼원테크,금속
코스닥,065620,제낙스,금속
코스닥,005160,동국산업,금속
코스닥,054410,케이피티,금속
코스닥,053660,현진소재,금속
코스닥,060380,동양에스텍,금속
코스닥,048470,대동스틸,금속
코스닥,053260,금강철강,금속
코스닥,054540,삼영엠텍,금속
코스닥,053620,태양,금속
코스닥,044490,태웅,금속
코스닥,039240,경남스틸,금속
코스닥,039020,이건창호,금속
코스닥,038010,제일테크노스,금속
코스닥,037760,쎄니트,금속
코스닥,026910,광진실업,금속
코스닥,025550,한국선재,금속
코스닥,024940,PN풍년,금속
코스닥,024880,케이피에프,금속
코스닥,023790,동일철강,금속
코스닥,023440,제일제강,금속
코스닥,023160,태광,금속
코스닥,021045,대호피앤씨우,금속
코스닥,021040,대호피앤씨,금속
코스닥,020400,대동금속,금속
코스닥,019210,와이지-원,금속
코스닥,017510,세명전기,금속
코스닥,017480,삼현철강,금속
코스닥,014620,성광벤드,금속
코스닥,013030,하이록코리아,금속
코스닥,012620,원일특강,금속
코스닥,009730,코센,금속
코스닥,009620,삼보산업,금속
코스닥,009520,포스코엠텍,금속
코스닥,007530,영신금속,금속
코스닥,004780,대륙제관,금속
코스닥,217820,엔에스,기계·장비
코스닥,160600,에스엔텍,기계·장비
코스닥,053590,한국테크놀로지,기계·장비
코스닥,195990,유지인트,기계·장비
코스닥,196490,디에이테크놀로지,기계·장비
코스닥,123840,한일진공,기계·장비
코스닥,158310,인터불스,기계·장비
코스닥,141070,맥스로텍,기계·장비
코스닥,137400,피엔티,기계·장비
코스닥,101000,디엠씨,기계·장비
코스닥,056080,유진로봇,기계·장비
코스닥,036090,위지트,기계·장비
코스닥,018000,유니슨,기계·장비
코스닥,126870,뉴로스,기계·장비
코스닥,100660,서암기계공업,기계·장비
코스닥,136510,쎄미시스코,기계·장비
코스닥,007820,에스엠코어,기계·장비
코스닥,090360,로보스타,기계·장비
코스닥,099440,스맥,기계·장비
코스닥,019770,서연탑메탈,기계·장비
코스닥,126880,제이엔케이히터,기계·장비
코스닥,105740,디케이락,기계·장비
코스닥,050860,아세아텍,기계·장비
코스닥,080530,코디에스,기계·장비
코스닥,104460,동양피엔에프,기계·장비
코스닥,109740,디에스케이,기계·장비
코스닥,108230,톱텍,기계·장비
코스닥,103230,에스앤더블류,기계·장비
코스닥,101680,한국정밀기계,기계·장비
코스닥,010240,흥국,기계·장비
코스닥,101170,우림기계,기계·장비
코스닥,095300,엔에스브이,기계·장비
코스닥,071670,에이테크솔루션,기계·장비
코스닥,076080,웰크론한텍,기계·장비
코스닥,098460,고영,기계·장비
코스닥,068330,일신바이오,기계·장비
코스닥,086670,비엠티,기계·장비
코스닥,095190,이엠코리아,기계·장비
코스닥,088130,동아엘텍,기계·장비
코스닥,090710,디에스티로봇,기계·장비
코스닥,086250,화신테크,기계·장비
코스닥,089140,넥스턴,기계·장비
코스닥,054950,제이브이엠,기계·장비
코스닥,079370,제우스,기계·장비
코스닥,019990,에너토크,기계·장비
코스닥,084180,수성,기계·장비
코스닥,083650,비에이치아이,기계·장비
코스닥,083930,아바코,기계·장비
코스닥,082270,젬백스,기계·장비
코스닥,079950,인베니아,기계·장비
코스닥,079810,디이엔티,기계·장비
코스닥,080000,에스엔유,기계·장비
코스닥,049950,미래컴퍼니,기계·장비
코스닥,073010,케이에스피,기계·장비
코스닥,078150,HB테크놀러지,기계·장비
코스닥,068790,DMS,기계·장비
코스닥,041440,에버다임,기계·장비
코스닥,065130,탑엔지니어링,기계·장비
코스닥,058530,이큐스앤자루,기계·장비
코스닥,054300,팬스타엔터프라이즈,기계·장비
코스닥,056190,에스에프에이,기계·장비
코스닥,051490,나라엠앤디,기계·장비
코스닥,051170,썬코어,기계·장비
코스닥,048770,TPC,기계·장비
코스닥,044780,에이치케이,기계·장비
코스닥,044060,조광ILI,기계·장비
코스닥,043340,에쎈테크,기계·장비
코스닥,039610,화성,기계·장비
코스닥,036890,진성티이씨,기계·장비
코스닥,036560,영풍정밀,기계·장비
코스닥,033540,파라텍,기계·장비
코스닥,013810,스페코,기계·장비
코스닥,008830,대동기어,기계·장비
코스닥,234920,자이글,일반전기전자
코스닥,071460,대유위니아,일반전기전자
코스닥,237750,피앤씨테크,일반전기전자
코스닥,036010,아비코전자,일반전기전자
코스닥,236200,슈프리마,일반전기전자
코스닥,225650,쿠첸,일반전기전자
코스닥,214430,아이쓰리시스템,일반전기전자
코스닥,105550,트루윈,일반전기전자
코스닥,082850,우리이티아이,일반전기전자
코스닥,014470,부방,일반전기전자
코스닥,189860,서전기전,일반전기전자
코스닥,177830,파버나인,일반전기전자
코스닥,010170,대한광통신,일반전기전자
코스닥,119850,지엔씨에너지,일반전기전자
코스닥,056730,아큐픽스,일반전기전자
코스닥,044340,위닉스,일반전기전자
코스닥,131390,피앤이솔루션,일반전기전자
코스닥,111870,삼본정밀전자,일반전기전자
코스닥,045890,동부라이텍,일반전기전자
코스닥,066130,하츠,일반전기전자
코스닥,065350,신성델타테크,일반전기전자
코스닥,042110,에스씨디,일반전기전자
코스닥,037070,파세코,일반전기전자
코스닥,071280,로체시스템즈,일반전기전자
코스닥,069510,에스텍,일반전기전자
코스닥,065710,서호전기,일반전기전자
코스닥,027040,서울전자통신,일반전기전자
코스닥,018290,지엠피,일반전기전자
코스닥,054220,비츠로시스,일반전기전자
코스닥,053160,프리엠스,일반전기전자
코스닥,048430,유라테크,일반전기전자
코스닥,042370,비츠로테크,일반전기전자
코스닥,037400,우리조명,일반전기전자
코스닥,032820,우리기술,일반전기전자
코스닥,032750,삼진,일반전기전자
코스닥,032540,TJ미디어,일반전기전자
코스닥,025440,대성엘텍,일반전기전자
코스닥,017250,인터엠,일반전기전자
코스닥,208370,셀바스헬스케어,의료·정밀기기
코스닥,228850,레이언스,의료·정밀기기
코스닥,140860,파크시스템스,의료·정밀기기
코스닥,058110,멕아이씨에스,의료·정밀기기
코스닥,056090,유앤아이,의료·정밀기기
코스닥,149980,하이로닉,의료·정밀기기
코스닥,041920,메디아나,의료·정밀기기
코스닥,196450,온다 엔터테인먼트,의료·정밀기기
코스닥,150840,인트로메딕,의료·정밀기기
코스닥,046210,파나진,의료·정밀기기
코스닥,104540,코렌텍,의료·정밀기기
코스닥,099190,아이센스,의료·정밀기기
코스닥,106520,디지탈옵틱,의료·정밀기기
코스닥,002230,피에스텍,의료·정밀기기
코스닥,126700,하이비젼시스템,의료·정밀기기
코스닥,115480,씨유메디칼,의료·정밀기기
코스닥,043290,케이맥,의료·정밀기기
코스닥,137940,넥스트아이,의료·정밀기기
코스닥,078650,코렌,의료·정밀기기
코스닥,119610,인터로조,의료·정밀기기
코스닥,100120,뷰웍스,의료·정밀기기
코스닥,039860,나노엔텍,의료·정밀기기
코스닥,039840,디오,의료·정밀기기
코스닥,057540,옴니시스템,의료·정밀기기
코스닥,048260,오스템임플란트,의료·정밀기기
코스닥,043150,바텍,의료·정밀기기
코스닥,085370,루트로닉,의료·정밀기기
코스닥,006140,피제이전자,의료·정밀기기
코스닥,065510,휴비츠,의료·정밀기기
코스닥,065450,빅텍,의료·정밀기기
코스닥,053450,세코닉스,의료·정밀기기
코스닥,049430,코메론,의료·정밀기기
코스닥,043100,솔고바이오,의료·정밀기기
코스닥,041830,인바디,의료·정밀기기
코스닥,033110,이디,의료·정밀기기
코스닥,241690,유니테크노,운송장비·부품
코스닥,085910,네오티스,운송장비·부품
코스닥,040610,SG&G,운송장비·부품
코스닥,013310,아진산업,운송장비·부품
코스닥,221840,하이즈항공,운송장비·부품
코스닥,212560,네오오토,운송장비·부품
코스닥,215360,우리산업,운송장비·부품
코스닥,028300,에이치엘비,운송장비·부품
코스닥,067390,아스트,운송장비·부품
코스닥,071850,캐스텍코리아,운송장비·부품
코스닥,170030,현대공업,운송장비·부품
코스닥,067570,엔브이에이치코리아,운송장비·부품
코스닥,113810,디젠스,운송장비·부품
코스닥,080440,세진전자,운송장비·부품
코스닥,122690,서진오토모티브,운송장비·부품
코스닥,122350,삼기오토모티브,운송장비·부품
코스닥,123410,코리아에프티,운송장비·부품
코스닥,123750,알톤스포츠,운송장비·부품
코스닥,126640,화신정공,운송장비·부품
코스닥,134780,화진,운송장비·부품
코스닥,108380,대양전기공업,운송장비·부품
코스닥,104040,대성파인텍,운송장비·부품
코스닥,054180,중앙오션,운송장비·부품
코스닥,053700,삼보모터스,운송장비·부품
코스닥,130740,티피씨글로벌,운송장비·부품
코스닥,101930,인화정공,운송장비·부품
코스닥,123040,엠에스오토텍,운송장비·부품
코스닥,088290,이원컴포텍,운송장비·부품
코스닥,099410,동방선기,운송장비·부품
코스닥,102210,해덕파워웨이,운송장비·부품
코스닥,064820,케이프,운송장비·부품
코스닥,092460,한라IMS,운송장비·부품
코스닥,033600,이젠텍,운송장비·부품
코스닥,080470,성창오토텍,운송장비·부품
코스닥,090150,광진윈텍,운송장비·부품
코스닥,078590,두올산업,운송장비·부품
코스닥,073070,넥센테크,운송장비·부품
코스닥,067170,오텍,운송장비·부품
코스닥,072470,우리산업홀딩스,운송장비·부품
코스닥,066590,우수AMS,운송장비·부품
코스닥,065500,오리엔트정공,운송장비·부품
코스닥,053270,구영테크,운송장비·부품
코스닥,053060,세동,운송장비·부품
코스닥,046070,코다코,운송장비·부품
코스닥,043370,평화정공,운송장비·부품
코스닥,038110,에코플라스틱,운송장비·부품
코스닥,031510,오스템,운송장비·부품
코스닥,024910,경창산업,운송장비·부품
코스닥,024830,세원물산,운송장비·부품
코스닥,024740,한일단조,운송장비·부품
코스닥,024120,KB오토시스,운송장비·부품
코스닥,019540,일지테크,운송장비·부품
코스닥,015750,성우하이텍,운송장비·부품
코스닥,014940,오리엔탈정공,운송장비·부품
코스닥,014200,광림,운송장비·부품
코스닥,013720,청보산업,운송장비·부품
코스닥,012860,서연전자,운송장비·부품
코스닥,011320,유니크,운송장비·부품
코스닥,005710,대원산업,운송장비·부품
코스닥,194610,우성아이비,기타 제조
코스닥,043710,서울리거,기타 제조
코스닥,026040,제이에스티나,기타 제조
코스닥,066910,손오공,기타 제조
코스닥,073190,디비케이,기타 제조
코스닥,004590,한국가구,기타 제조
코스닥,003800,에이스침대,기타 제조
